font_family,font_weight,font_size
MuseoSans,Bold,10.50
MuseoSans,Light,6.61
MuseoSans,Light,7.00
MuseoSans,Light,6.61
MuseoSans,Light,7.00
MuseoSans,Semi-Bold,6.61
MuseoSans,Bold,7.00
MuseoSans,Bold,9.00
Minion,Regular,7.00
Minion,Bold,7.00
Minion,Bold,7.00
Minion,Bold,7.00
Minion,Bold,7.00
Minion,Bold,7.00
Gotham,Normal,9.10
Minion,Bold,7.00
Minion,Bold,7.00
Minion,Bold,7.00
Minion,Bold,7.00
Minion,Bold,7.00
Minion,Bold,7.00
Minion,Bold,7.00
Minion,Bold,7.00
Minion,Bold,7.00
Minion,Bold,7.00
Minion,Bold,7.00
Minion,Bold,7.00
Minion,Bold,7.00
Minion,Bold,7.00
Minion,Bold,7.00
Minion,Bold,7.00
Minion,Bold,7.00
Minion,Bold,7.00
Minion,Bold,7.00
Minion,Bold,7.00
Minion,Bold,7.00
Minion,Bold,7.00
Minion,Bold,7.00
Minion,Bold,7.00
Minion,Bold,7.00
Minion,Bold,7.00
Minion,Bold,7.00
MuseoSans,Light,6.61
MuseoSans,Semi-Light,7.00
MuseoSans,Bold,6.61
MuseoSans,Bold,7.00
MuseoSans,Bold,9.00
MuseoSans,Bold,10.50
MuseoSans,Light,6.61
MuseoSans,Semi-Light,7.00
MuseoSans,Light,6.61
MuseoSans,Light,7.00
MuseoSans,Semi-Bold,6.61
MuseoSans,Bold,7.00
MuseoSans,Bold,9.00
MuseoSans,Bold,10.50
MuseoSans,Light,6.61
MuseoSans,Light,7.00
MuseoSans,Light,6.61
MuseoSans,Light,7.00
MuseoSans,Semi-Bold,6.61
MuseoSans,Bold,7.00
MuseoSans,Bold,9.00
MuseoSans,Book,7.00
MuseoSans,Bold,9.00
MuseoSans,Bold,10.50
MuseoSans,Book,6.61
MuseoSans,Light,7.00
MuseoSans,Light,6.61
MuseoSans,Light,7.00
MuseoSans,Book,6.61
MuseoSans,Bold,7.00
MuseoSans,Bold,9.00